book,cagr_before_fix,cagr_after_fix,cagr_change,ann_vol_before_fix,ann_vol_after_fix,ann_vol_change,sharpe_before_fix,sharpe_after_fix,sharpe_change,max_drawdown_before_fix,max_drawdown_after_fix,max_drawdown_change,ann_turnover_before_fix,ann_turnover_after_fix,ann_turnover_change
M0_equal_weight,0.073137,0.071166,-0.001970,0.109441,0.109165,-0.000276,0.700969,0.685606,-0.015363,-0.330051,-0.333561,-0.003510,0.358441,0.356009,-0.002432
M1_inverse_vol,0.054746,0.053650,-0.001096,0.064082,0.063889,-0.000193,0.865346,0.851462,-0.013884,-0.175867,-0.177354,-0.001486,0.502324,0.504174,0.001850
M2_risk_parity,0.051620,0.050398,-0.001221,0.065305,0.065122,-0.000183,0.804800,0.789003,-0.015797,-0.183606,-0.185279,-0.001673,0.418972,0.420264,0.001292
M3_momentum,0.017631,0.018667,0.001036,0.066613,0.066596,-0.000018,0.296157,0.311524,0.015367,-0.152214,-0.147567,0.004647,9.162967,9.162809,-0.000158
M4_mean_reversion,-0.018467,-0.018705,-0.000238,0.068384,0.068226,-0.000158,-0.238824,-0.243099,-0.004274,-0.343926,-0.346765,-0.002839,22.382041,22.380268,-0.001773
M5_momentum_plus_mr,0.001872,0.002350,0.000478,0.066959,0.066973,0.000013,0.061463,0.068595,0.007132,-0.204492,-0.199028,0.005464,18.410597,18.415237,0.004640
M6_combined_alpha_mvo,0.036055,0.035295,-0.000760,0.075051,0.074809,-0.000242,0.510376,0.501968,-0.008409,-0.212236,-0.211549,0.000687,10.916370,10.912301,-0.004069
M7_combined_alpha_shrinkage_mvo,0.035676,0.034957,-0.000719,0.075187,0.074936,-0.000251,0.504717,0.496877,-0.007840,-0.212143,-0.211422,0.000722,10.822940,10.818621,-0.004318
M8_black_litterman,0.043062,0.042095,-0.000967,0.112242,0.112056,-0.000186,0.432739,0.424983,-0.007756,-0.293424,-0.294859,-0.001435,11.877534,11.873083,-0.004451
M9_mean_cvar,0.033434,0.033232,-0.000202,0.041741,0.041585,-0.000156,0.810163,0.808352,-0.001812,-0.141912,-0.141778,0.000133,0.580292,0.584151,0.003859
SPY_buy_hold,0.111394,0.111394,0.000000,0.192080,0.192080,0.000000,0.647053,0.647053,0.000000,-0.551894,-0.551894,0.000000,0.048369,0.048369,0.000000
