method,window_end,n_draws,mean_pairwise_l1,mean_oos_vol,risk_inflation,mean_turnover_from_baseline,mean_max_weight,mean_effective_n,mean_holdings
inverse_vol,2010-12-31,200,0.069528,0.040426,0.013547,0.049264,0.421199,4.644960,15.000000
risk_parity,2010-12-31,200,0.104999,0.030835,0.028699,0.075820,0.523302,3.345973,15.000000
min_variance,2010-12-31,200,0.026502,0.010492,0.005505,0.020327,0.965539,1.071971,3.990000
hrp,2010-12-31,200,0.096662,0.014841,-0.029247,0.070876,0.842247,1.400225,15.000000
herc,2010-12-31,200,0.090872,0.030029,0.032192,0.065405,0.493199,3.563278,15.000000
inverse_vol,2011-12-30,200,0.113242,0.034231,0.007628,0.080669,0.513616,3.443181,15.000000
risk_parity,2011-12-30,200,0.127497,0.029230,0.013595,0.089867,0.524395,3.328641,15.000000
min_variance,2011-12-30,200,0.023247,0.009015,0.012280,0.016232,0.984310,1.032128,4.360000
hrp,2011-12-30,200,0.106398,0.011202,-0.002832,0.078279,0.914573,1.200496,14.795000
herc,2011-12-30,200,0.142236,0.026116,0.100431,0.102125,0.583461,2.752111,15.000000
inverse_vol,2012-12-31,200,0.047742,0.019650,0.007271,0.034350,0.582419,2.782518,15.000000
risk_parity,2012-12-31,200,0.074658,0.017573,0.002664,0.053603,0.574885,2.836056,15.000000
min_variance,2012-12-31,200,0.013243,0.004346,0.006077,0.009470,0.988377,1.023592,3.575000
hrp,2012-12-31,200,0.022403,0.005191,0.014125,0.015174,0.960056,1.084564,14.745000
herc,2012-12-31,200,0.050426,0.013802,0.008992,0.036347,0.656741,2.227859,15.000000
inverse_vol,2013-12-31,200,0.061656,0.028251,0.000419,0.043409,0.566370,2.952558,15.000000
risk_parity,2013-12-31,200,0.069957,0.026962,-0.001603,0.048420,0.593692,2.725135,15.000000
min_variance,2013-12-31,200,0.004674,0.005260,0.001939,0.003301,0.998315,1.003387,1.800000
hrp,2013-12-31,200,0.017759,0.006127,0.018817,0.013760,0.968364,1.066268,14.655000
herc,2013-12-31,200,0.115159,0.023618,0.054578,0.075864,0.634895,2.423778,15.000000
inverse_vol,2014-12-31,200,0.049960,0.023418,0.004842,0.035259,0.431404,4.536544,15.000000
risk_parity,2014-12-31,200,0.068407,0.022802,0.006976,0.048130,0.458142,4.185801,15.000000
min_variance,2014-12-31,200,0.028551,0.007081,0.004526,0.020534,0.967842,1.067126,4.020000
hrp,2014-12-31,200,0.081066,0.009502,-0.034139,0.057523,0.863297,1.334998,15.000000
herc,2014-12-31,200,0.072855,0.025529,0.002404,0.049294,0.429331,4.651033,15.000000
inverse_vol,2015-12-31,200,0.053154,0.034378,0.005285,0.037846,0.432861,4.538465,15.000000
risk_parity,2015-12-31,200,0.079904,0.033123,0.008217,0.057508,0.448552,4.325992,15.000000
min_variance,2015-12-31,200,0.031423,0.009545,0.007281,0.023221,0.978055,1.045293,3.980000
hrp,2015-12-31,200,0.038412,0.011931,0.002802,0.026930,0.906945,1.213486,15.000000
herc,2015-12-31,200,0.113340,0.030338,0.064969,0.081492,0.495154,3.680537,15.000000
inverse_vol,2016-12-30,200,0.052504,0.032591,0.004542,0.037564,0.421883,4.635676,15.000000
risk_parity,2016-12-30,200,0.082576,0.031479,0.011199,0.058698,0.456287,4.201036,15.000000
min_variance,2016-12-30,200,0.033316,0.009165,0.006416,0.025434,0.975117,1.051469,4.335000
hrp,2016-12-30,200,0.041249,0.011925,-0.001285,0.028812,0.886424,1.268402,15.000000
herc,2016-12-30,200,0.087954,0.032763,0.026777,0.061741,0.434073,4.485598,15.000000
inverse_vol,2017-12-29,200,0.055922,0.024880,0.002175,0.039302,0.358429,5.961887,15.000000
risk_parity,2017-12-29,200,0.068648,0.025170,0.002791,0.048573,0.362128,5.968248,15.000000
min_variance,2017-12-29,200,0.049281,0.008178,0.008511,0.034071,0.957203,1.090857,3.245000
hrp,2017-12-29,200,0.103031,0.010607,0.053549,0.082557,0.844097,1.402047,15.000000
herc,2017-12-29,200,0.090083,0.025848,0.021216,0.067620,0.361882,5.991511,15.000000
inverse_vol,2018-12-31,200,0.058784,0.026480,0.001725,0.041510,0.406462,4.849052,15.000000
risk_parity,2018-12-31,200,0.082829,0.019627,0.004576,0.058126,0.572749,2.884632,15.000000
min_variance,2018-12-31,200,0.038009,0.007083,0.007015,0.026487,0.949998,1.106878,4.645000
hrp,2018-12-31,200,0.069544,0.009833,0.001431,0.045275,0.857385,1.355658,15.000000
herc,2018-12-31,200,0.123204,0.022391,0.054541,0.090835,0.467981,3.924659,15.000000
inverse_vol,2019-12-31,200,0.053697,0.030590,0.003614,0.038302,0.327533,6.546319,15.000000
risk_parity,2019-12-31,200,0.084658,0.028918,0.001942,0.060416,0.384184,5.470575,15.000000
min_variance,2019-12-31,200,0.080329,0.010543,0.010027,0.057506,0.922994,1.171477,5.170000
hrp,2019-12-31,200,0.102026,0.015996,0.005387,0.073224,0.751139,1.738870,15.000000
herc,2019-12-31,200,0.071130,0.031360,0.008790,0.049983,0.328773,6.599520,15.000000
inverse_vol,2020-12-31,200,0.146917,0.052582,-0.040862,0.104060,0.554214,3.086429,15.000000
risk_parity,2020-12-31,200,0.109776,0.035893,-0.026862,0.075338,0.658861,2.235262,15.000000
min_variance,2020-12-31,200,0.026779,0.011368,0.017259,0.020759,0.984420,1.031957,4.270000
hrp,2020-12-31,200,0.043468,0.012964,0.044402,0.032127,0.959917,1.085902,14.485000
herc,2020-12-31,200,0.230303,0.045212,-0.138826,0.185379,0.598955,2.746795,15.000000
inverse_vol,2021-12-31,200,0.084122,0.029134,-0.002442,0.059929,0.503302,3.598213,15.000000
risk_parity,2021-12-31,200,0.091938,0.025991,0.001925,0.065065,0.571303,2.920935,15.000000
min_variance,2021-12-31,200,0.013246,0.006731,0.008440,0.009517,0.993648,1.012867,3.235000
hrp,2021-12-31,200,0.037831,0.007555,0.024876,0.028428,0.949986,1.108216,15.000000
herc,2021-12-31,200,0.130460,0.023431,0.062090,0.093319,0.608470,2.606864,15.000000
inverse_vol,2022-12-30,200,0.041845,0.085449,0.000768,0.029899,0.343816,6.417991,15.000000
risk_parity,2022-12-30,200,0.052302,0.084962,0.001782,0.036755,0.346629,6.412702,15.000000
min_variance,2022-12-30,200,0.002696,0.023693,0.000790,0.001472,0.999264,1.001481,1.300000
hrp,2022-12-30,200,0.046365,0.034119,0.016178,0.039022,0.838283,1.417103,15.000000
herc,2022-12-30,200,0.196948,0.082842,-0.077458,0.157910,0.358327,6.189363,15.000000
inverse_vol,2023-12-29,200,0.073429,0.067798,-0.004503,0.053716,0.257045,9.005334,15.000000
risk_parity,2023-12-29,200,0.072427,0.066131,-0.000184,0.051782,0.284307,8.276012,15.000000
min_variance,2023-12-29,200,0.091825,0.027167,0.018170,0.068436,0.946102,1.119403,3.430000
hrp,2023-12-29,200,0.170903,0.038752,0.022005,0.141408,0.670489,2.200924,15.000000
herc,2023-12-29,200,0.186218,0.068376,-0.023105,0.129500,0.250364,9.235023,15.000000
inverse_vol,2024-12-31,200,0.051051,0.052009,0.001437,0.036369,0.299429,7.332874,15.000000
risk_parity,2024-12-31,200,0.070643,0.052126,0.001883,0.050182,0.311435,7.214870,15.000000
min_variance,2024-12-31,200,0.029591,0.017508,0.004224,0.021165,0.979369,1.042587,2.680000
hrp,2024-12-31,200,0.120306,0.025706,0.042801,0.100755,0.722668,1.870202,15.000000
herc,2024-12-31,200,0.095262,0.047245,-0.006327,0.066949,0.364394,5.749999,15.000000
inverse_vol,2025-12-31,200,0.084932,0.046910,0.009940,0.060393,0.349584,6.038605,15.000000
risk_parity,2025-12-31,200,0.136911,0.042749,0.022042,0.097606,0.421234,4.820770,15.000000
min_variance,2025-12-31,200,0.028434,0.014114,0.010040,0.019277,0.972761,1.056624,3.475000
hrp,2025-12-31,200,0.126617,0.018786,0.046774,0.092587,0.805948,1.532646,15.000000
herc,2025-12-31,200,0.114937,0.039382,0.022886,0.082620,0.423534,4.621127,15.000000
