date,asset,y,d,action,change,tone_prev,ret5,vol
2006-03-28,TLT,-2.385675,-0.612277,1,0.396360,13.888889,-0.294740,0.062221
2006-03-28,SPY,-1.161087,-0.612277,1,0.396360,13.888889,-0.252364,0.084122
2006-05-10,TLT,0.409429,0.208235,1,0.340611,10.791367,0.220018,0.069597
2006-05-10,SPY,-0.099149,0.208235,1,0.340611,10.791367,0.792941,0.084500
2006-06-29,TLT,0.717540,0.375771,1,0.400533,11.976048,-0.953095,0.074422
2006-06-29,SPY,2.751161,0.375771,1,0.400533,11.976048,-0.126659,0.116560
2006-08-08,TLT,-0.478520,1.263165,0,0.392062,14.035088,1.026524,0.072987
2006-08-08,SPY,-0.507053,1.263165,0,0.392062,14.035088,0.023141,0.119933
2006-09-20,TLT,0.344535,-0.831545,0,0.242603,20.725389,0.728181,0.067823
2006-09-20,SPY,0.819051,-0.831545,0,0.242603,20.725389,0.366420,0.102935
2006-10-25,TLT,1.798349,-0.086684,0,0.259249,16.483516,-0.487214,0.069848
2006-10-25,SPY,0.586872,-0.086684,0,0.259249,16.483516,0.829735,0.092203
2006-12-12,TLT,0.471823,-0.176439,0,0.142612,16.129032,-1.043538,0.070573
2006-12-12,SPY,-0.141772,-0.176439,0,0.142612,16.129032,0.312413,0.086846
2007-01-31,TLT,1.939452,0.371149,0,0.489181,15.306122,-0.941862,0.068825
2007-01-31,SPY,1.300859,0.371149,0,0.489181,15.306122,-0.006070,0.082049
2007-03-21,TLT,0.097070,-2.158697,0,0.483333,17.341040,-0.625698,0.072882
2007-03-21,SPY,2.146598,-2.158697,0,0.483333,17.341040,1.383505,0.121709
2007-05-09,TLT,-0.919394,-0.011415,0,0.137787,6.172840,0.176539,0.068164
2007-05-09,SPY,0.407428,-0.011415,0,0.137787,6.172840,0.937132,0.105982
2007-06-18,TLT,-0.393842,-0.113971,0,0.294862,6.211180,-0.113810,0.081876
2007-06-18,SPY,-0.164521,-0.113971,0,0.294862,6.211180,1.114035,0.113487
2007-08-07,TLT,-0.139829,0.764852,0,0.392765,5.714286,0.538734,0.090980
2007-08-07,SPY,1.146042,0.764852,0,0.392765,5.714286,-0.381325,0.147784
2007-08-10,TLT,-0.399175,-1.897288,0,0.936683,9.803922,-0.943397,0.092183
2007-08-10,SPY,-0.461863,-1.897288,0,0.936683,9.803922,-0.661281,0.160743
2007-09-18,TLT,-1.322028,0.735607,-1,0.919518,0.000000,-0.569774,0.090375
2007-09-18,SPY,2.896068,0.735607,-1,0.919518,0.000000,0.697054,0.161372
2007-10-31,TLT,-1.515039,0.052774,-1,0.513256,3.937008,0.373647,0.094630
2007-10-31,SPY,1.068254,0.052774,-1,0.513256,3.937008,0.393980,0.154364
2007-12-11,TLT,2.922255,-2.732445,-1,0.453881,4.310345,-2.494772,0.106619
2007-12-11,SPY,-2.274897,-2.732445,-1,0.453881,4.310345,1.105461,0.191336
2008-01-30,TLT,-0.780010,-0.333391,-1,0.673206,-9.852217,-0.869013,0.132898
2008-01-30,SPY,-0.585997,-0.333391,-1,0.673206,-9.852217,1.414174,0.199313
2008-03-11,TLT,-0.946404,2.183649,0,0.971247,-11.494253,-0.026405,0.143373
2008-03-11,SPY,2.967943,2.183649,0,0.971247,-11.494253,-1.521619,0.192217
2008-03-18,TLT,-0.415215,-2.596470,-1,0.959953,0.000000,1.098545,0.147770
2008-03-18,SPY,3.259261,-2.596470,-1,0.959953,0.000000,0.082241,0.202340
2008-04-30,TLT,0.824035,-0.758969,-1,0.326690,-13.452915,-0.557823,0.137532
2008-04-30,SPY,-0.454429,-0.758969,-1,0.326690,-13.452915,0.284868,0.205955
2008-06-25,TLT,0.057290,2.455060,0,0.438558,-17.316017,0.998600,0.122122
2008-06-25,SPY,0.401153,2.455060,0,0.438558,-17.316017,-1.042714,0.187016
2008-08-05,TLT,-0.995428,-0.900879,0,0.399122,-4.405286,0.401840,0.118744
2008-08-05,SPY,2.178427,-0.900879,0,0.399122,-4.405286,0.394508,0.196480
2008-09-16,TLT,-0.024460,-0.893584,0,0.373593,-9.009009,1.199018,0.132149
2008-09-16,SPY,1.164111,-0.893584,0,0.373593,-9.009009,-1.690030,0.228244
2008-10-08,TLT,-1.406520,1.245463,-1,0.814600,-13.574661,1.981656,0.162104
2008-10-08,SPY,-1.168148,1.245463,-1,0.814600,-13.574661,-2.853371,0.342350
2008-10-29,TLT,-0.491704,-2.701733,-1,0.632873,-6.976744,0.124033,0.162433
2008-10-29,SPY,-0.198715,-2.701733,-1,0.632873,-6.976744,-0.268445,0.579349
2009-01-28,TLT,-1.749790,1.857737,0,0.847206,-20.979021,-1.375826,0.226669
2009-01-28,SPY,1.043139,1.857737,0,0.847206,-20.979021,0.677688,0.514889
2009-03-18,TLT,2.650718,-1.076593,1,0.572291,-11.185682,-0.338551,0.226900
2009-03-18,SPY,0.752481,-1.076593,1,0.572291,-11.185682,1.251976,0.472215
2009-04-29,TLT,-0.669965,0.477277,0,0.401838,-16.706444,-0.949719,0.209877
2009-04-29,SPY,0.784957,0.477277,0,0.401838,-16.706444,0.098967,0.430136
2009-06-24,TLT,-0.759414,0.151797,0,0.310104,-14.117647,0.479975,0.209801
2009-06-24,SPY,0.393056,0.151797,0,0.310104,-14.117647,-0.397350,0.348070
2009-08-12,TLT,-0.836349,0.234691,0,0.158437,-13.227513,0.136511,0.202745
2009-08-12,SPY,0.593127,0.234691,0,0.158437,-13.227513,-0.238149,0.287148
2009-09-23,TLT,0.257801,0.008075,0,0.272918,-11.904762,0.373361,0.185652
2009-09-23,SPY,-0.542414,0.008075,0,0.272918,-11.904762,0.513421,0.243270
2009-11-04,TLT,-0.838450,-0.247593,0,0.213210,-11.764706,-0.257607,0.173036
2009-11-04,SPY,0.181882,-0.247593,0,0.213210,-11.764706,-0.524365,0.225186
2009-12-16,TLT,-0.130024,0.102914,0,0.453167,-12.958963,-0.938048,0.146342
2009-12-16,SPY,0.123809,0.102914,0,0.453167,-12.958963,0.575696,0.195761
2010-01-27,TLT,-0.061343,0.079519,0,0.335489,-12.323944,0.437086,0.141289
2010-01-27,SPY,0.420389,0.079519,0,0.335489,-12.323944,-1.974778,0.179657
2010-03-16,TLT,0.989792,0.274066,0,0.401334,-11.811024,0.346391,0.127800
2010-03-16,SPY,0.772643,0.274066,0,0.401334,-11.811024,0.463116,0.163667
2010-04-28,TLT,-1.116245,-0.289531,0,0.179819,-10.282776,0.989241,0.121257
2010-04-28,SPY,0.813814,-0.289531,0,0.179819,-10.282776,-0.951289,0.148171
2010-06-23,TLT,0.691712,-3.288551,0,0.982486,0.000000,0.971481,0.155988
2010-06-23,SPY,-0.220645,-3.288551,0,0.982486,0.000000,-0.541946,0.223249
2010-08-10,TLT,0.226672,0.956302,0,0.350591,-17.064846,0.477767,0.147480
2010-08-10,SPY,-0.404978,0.956302,0,0.350591,-17.064846,0.068430,0.211637
2010-09-21,TLT,1.271325,-0.566908,0,0.370763,-11.976048,-0.223039,0.173394
2010-09-21,SPY,-0.160537,-0.566908,0,0.370763,-11.976048,0.664601,0.199148
2010-11-03,TLT,-2.007925,2.374324,0,0.428784,-14.836795,0.528496,0.161284
2010-11-03,SPY,0.380947,2.374324,0,0.428784,-14.836795,0.267900,0.167411
2010-12-14,TLT,-1.309512,-0.007440,0,0.114786,-2.347418,-1.142255,0.176322
2010-12-14,SPY,0.088097,-0.007440,0,0.114786,-2.347418,0.654267,0.159102
2011-01-26,TLT,-1.420524,-0.021792,0,0.175925,-2.288330,0.468031,0.169262
2011-01-26,SPY,0.467504,-0.021792,0,0.175925,-2.288330,-0.145953,0.131433
2011-03-15,TLT,1.536238,-0.410350,0,0.281025,-2.304147,0.650985,0.154706
2011-03-15,SPY,-1.326726,-0.410350,0,0.281025,-2.304147,-0.543739,0.137088
2011-04-27,TLT,-1.174027,-0.432593,0,0.197765,-4.347826,0.536041,0.138310
2011-04-27,SPY,0.804999,-0.432593,0,0.197765,-4.347826,1.786592,0.128742
2011-06-22,TLT,0.073912,-0.886741,0,0.485536,-6.507592,0.782202,0.133487
2011-06-22,SPY,-0.721316,-0.886741,0,0.485536,-6.507592,0.319474,0.132609
2011-08-09,TLT,0.256389,-0.294006,0,0.375532,-11.037528,2.672926,0.187788
2011-08-09,SPY,3.366465,-0.294006,0,0.375532,-11.037528,-4.153410,0.219266
2011-09-21,TLT,2.287913,0.549995,0,0.446966,-12.474012,0.730354,0.229549
2011-09-21,SPY,-1.729931,0.549995,0,0.446966,-12.474012,0.680699,0.270322
2011-11-02,TLT,-0.741445,0.168426,0,0.324150,-9.505703,0.814174,0.267066
2011-11-02,SPY,0.899504,0.168426,0,0.324150,-9.505703,-0.210439,0.287869
2011-12-13,TLT,0.625894,1.151490,0,0.232641,-8.528785,-0.098914,0.236406
2011-12-13,SPY,-0.531253,1.151490,0,0.232641,-8.528785,-0.405091,0.279073
2012-01-25,TLT,-0.179320,-1.051766,0,0.260102,-2.421308,-1.370371,0.212872
2012-01-25,SPY,0.565484,-1.051766,0,0.260102,-2.421308,0.495420,0.234883
2012-03-13,TLT,-1.517744,-0.442710,0,0.231458,-7.812500,-0.089626,0.184019
2012-03-13,SPY,1.528644,-0.442710,0,0.231458,-7.812500,0.230187,0.187192
2012-04-25,TLT,-0.457533,0.493243,0,0.173926,-10.025063,0.167816,0.177788
2012-04-25,SPY,1.304351,0.493243,0,0.173926,-10.025063,-0.542188,0.166632
2012-06-20,TLT,0.470013,-0.251063,0,0.364081,-7.352941,0.269576,0.166951
2012-06-20,SPY,-0.158083,-0.251063,0,0.364081,-7.352941,1.142502,0.162832
2012-08-01,TLT,-0.518864,-0.193771,0,0.241289,-8.565310,-0.746459,0.152954
2012-08-01,SPY,-0.084925,-0.193771,0,0.241289,-8.565310,1.230048,0.162893
2012-09-13,TLT,-0.428984,-0.070097,0,0.511798,-9.478673,-1.812336,0.145596
2012-09-13,SPY,1.715459,-0.070097,0,0.511798,-9.478673,1.243520,0.140995
2012-10-24,TLT,-1.071706,0.699121,0,0.110487,-9.746589,0.282885,0.146088
2012-10-24,SPY,-0.342725,0.699121,0,0.110487,-9.746589,-1.533603,0.131043
2012-12-12,TLT,-1.417704,-0.361390,0,0.353248,-6.000000,-0.588021,0.130001
2012-12-12,SPY,0.061069,-0.361390,0,0.353248,-6.000000,0.867327,0.126906
2013-01-30,TLT,-0.214448,-0.423600,0,0.193269,-7.788162,-1.548761,0.126537
2013-01-30,SPY,-0.509543,-0.423600,0,0.193269,-7.788162,0.596985,0.122002
2013-03-20,TLT,-1.479826,-0.025043,0,0.132094,-9.900990,0.892155,0.119680
2013-03-20,SPY,0.967481,-0.025043,0,0.132094,-9.900990,-0.152069,0.114622
2013-05-01,TLT,1.344576,-0.244350,0,0.084167,-9.933775,0.248487,0.121286
2013-05-01,SPY,-1.145118,-0.244350,0,0.084167,-9.933775,0.703393,0.121535
2013-06-19,TLT,-1.152436,-0.012024,0,0.077591,-11.111111,-0.297689,0.142280
2013-06-19,SPY,-1.778067,-0.012024,0,0.077591,-11.111111,0.931545,0.123354
2013-07-31,TLT,0.384700,0.074348,0,0.106153,-11.075949,-0.690961,0.150016
2013-07-31,SPY,0.094300,0.074348,0,0.106153,-11.075949,-0.192551,0.119884
2013-09-18,TLT,1.363820,0.748137,0,0.267157,-10.590015,0.641945,0.143666
2013-09-18,SPY,1.671908,0.748137,0,0.267157,-10.590015,0.841678,0.109890
2013-10-30,TLT,-0.761149,-0.316427,0,0.084691,-6.587615,0.089178,0.125440
2013-10-30,SPY,-0.695117,-0.316427,0,0.084691,-6.587615,0.627936,0.113439
2013-12-18,TLT,-0.660543,-0.100544,-1,0.298252,-8.141113,-0.344530,0.120985
2013-12-18,SPY,2.643470,-0.100544,-1,0.298252,-8.141113,-0.804512,0.102524
2014-01-29,TLT,1.146213,-0.201917,0,0.112553,-8.567931,0.844164,0.113925
2014-01-29,SPY,-1.394455,-0.201917,0,0.112553,-8.567931,-1.801295,0.109347
2014-03-19,TLT,-1.116771,1.116022,0,0.285126,-9.523810,1.076007,0.110457
2014-03-19,SPY,-0.750896,1.116022,0,0.285126,-9.523810,0.144753,0.112653
2014-04-30,TLT,0.638794,-0.264513,0,0.119024,-3.601441,0.193085,0.103311
2014-04-30,SPY,0.412232,-0.264513,0,0.119024,-3.601441,-0.046041,0.114867
2014-06-18,TLT,1.224621,-0.033855,0,0.112741,-4.884005,0.332720,0.099943
2014-06-18,SPY,1.192376,-0.033855,0,0.112741,-4.884005,-0.285989,0.097717
2014-07-30,TLT,-2.159234,-0.052985,0,0.155228,-4.962779,0.361737,0.102099
2014-07-30,SPY,0.027122,-0.052985,0,0.155228,-4.962779,-0.501760,0.089234
2014-09-17,TLT,-0.387924,0.228472,0,0.108540,-5.141388,-1.520392,0.104938
2014-09-17,SPY,0.244081,0.228472,0,0.108540,-5.141388,0.471729,0.087582
2014-10-29,TLT,0.327816,0.116599,0,0.410259,-3.851091,-0.724661,0.109725
2014-10-29,SPY,-0.190572,0.116599,0,0.410259,-3.851091,1.260576,0.125943
2014-12-17,TLT,-1.319989,-0.708692,0,0.208506,-3.144654,2.339339,0.108381
2014-12-17,SPY,2.726317,-0.708692,0,0.208506,-3.144654,-2.578386,0.114152
2015-01-28,TLT,1.936454,-0.753900,0,0.190530,-6.745363,-0.153057,0.134017
2015-01-28,SPY,-1.513926,-0.753900,0,0.190530,-6.745363,0.177659,0.134474
2015-03-18,TLT,2.040650,0.362723,1,0.270400,-10.582011,1.018398,0.150153
2015-03-18,SPY,1.462896,0.362723,1,0.270400,-10.582011,0.791187,0.130451
2015-04-29,TLT,-1.325414,-0.432949,0,0.316352,-8.591065,-0.898680,0.146784
2015-04-29,SPY,-0.549432,-0.432949,0,0.316352,-8.591065,0.524260,0.118874
2015-06-17,TLT,-0.758697,0.982941,0,0.199113,-10.752688,0.953314,0.161667
2015-06-17,SPY,0.232121,0.982941,0,0.199113,-10.752688,0.554333,0.110594
2015-07-29,TLT,-0.356632,-0.030589,0,0.115235,-5.524862,0.827305,0.165329
2015-07-29,SPY,0.941111,-0.030589,0,0.115235,-5.524862,-0.699232,0.116032
2015-09-17,TLT,1.229831,0.023367,0,0.171579,-5.586592,-0.983250,0.157543
2015-09-17,SPY,-0.186615,0.023367,0,0.171579,-5.586592,1.027295,0.191226
2015-10-28,TLT,-0.435621,0.661174,0,0.155148,-5.366726,0.591581,0.146551
2015-10-28,SPY,1.011843,0.661174,0,0.155148,-5.366726,0.683589,0.178449
2015-12-16,TLT,-0.239189,-0.313366,1,0.508392,-1.818182,-0.151694,0.142134
2015-12-16,SPY,1.413673,-0.313366,1,0.508392,-1.818182,-0.400853,0.164305
2016-01-27,TLT,-0.027310,-1.092708,0,0.294499,-3.355705,0.294502,0.138450
2016-01-27,SPY,-0.933338,-1.092708,0,0.294499,-3.355705,0.436450,0.185097
2016-03-16,TLT,0.346554,0.639554,0,0.178786,-8.960573,-0.842695,0.136111
2016-03-16,SPY,0.507464,0.639554,0,0.178786,-8.960573,0.745141,0.181041
2016-04-27,TLT,1.273731,0.340550,0,0.141589,-5.524862,-1.591467,0.124387
2016-04-27,SPY,0.215032,0.340550,0,0.141589,-5.524862,-0.218167,0.151931
2016-06-15,TLT,0.530593,-1.448452,0,0.190000,-3.649635,1.266995,0.114977
2016-06-15,SPY,-0.169971,-1.448452,0,0.190000,-3.649635,-0.937720,0.130187
2016-07-27,TLT,1.481430,1.039790,0,0.189511,-11.111111,-0.045922,0.133448
2016-07-27,SPY,-0.118773,1.039790,0,0.189511,-11.111111,0.129719,0.141749
2016-09-21,TLT,1.021540,0.375812,0,0.212549,-5.586592,0.307635,0.125671
2016-09-21,SPY,1.439319,0.375812,0,0.212549,-5.586592,0.340404,0.124027
2016-11-02,TLT,0.607883,-0.023563,0,0.088894,-3.527337,-0.854485,0.113624
2016-11-02,SPY,-0.874221,-0.023563,0,0.088894,-3.527337,-0.958438,0.109290
2016-12-14,TLT,-1.281301,-0.054385,1,0.186717,-3.552398,-0.532726,0.138426
2016-12-14,SPY,-1.241570,-0.054385,1,0.186717,-3.552398,1.838712,0.105538
2017-02-01,TLT,-0.767181,0.697537,0,0.281843,-3.738318,-0.096838,0.127945
2017-02-01,SPY,0.069091,0.697537,0,0.281843,-3.738318,-0.024010,0.090852
2017-03-15,TLT,1.623408,0.365997,1,0.216155,0.000000,-0.677569,0.119446
2017-03-15,SPY,1.668935,0.365997,1,0.216155,0.000000,-0.036400,0.082311
2017-05-03,TLT,0.094044,-0.774138,0,0.249162,2.008032,0.265587,0.110973
2017-05-03,SPY,-0.245324,-0.774138,0,0.249162,2.008032,0.083288,0.078596
2017-06-14,TLT,2.464431,0.351857,1,0.405060,-1.934236,-0.648447,0.099434
2017-06-14,SPY,-0.265102,0.351857,1,0.405060,-1.934236,0.515296,0.075906
2017-07-26,TLT,0.262751,-0.397437,0,0.160481,0.000000,-0.686732,0.097784
2017-07-26,SPY,0.008641,-0.397437,0,0.160481,0.000000,0.687605,0.073968
2017-09-20,TLT,0.118184,0.359914,0,0.303114,-1.976285,-0.565092,0.096116
2017-09-20,SPY,0.075056,0.359914,0,0.303114,-1.976285,0.432869,0.076121
2017-11-01,TLT,0.780699,-0.392999,0,0.313607,0.000000,0.654428,0.090530
2017-11-01,SPY,0.314739,-0.392999,0,0.313607,0.000000,0.244881,0.066677
2017-12-13,TLT,1.295955,1.610561,1,0.295404,-1.953125,-0.521131,0.092084
2017-12-13,SPY,-0.027271,1.610561,1,0.295404,-1.953125,1.481056,0.065382
2018-01-31,TLT,0.972270,0.551008,0,0.305265,6.550218,-1.012512,0.096349
2018-01-31,SPY,0.104257,0.551008,0,0.305265,6.550218,-0.507155,0.075601
2018-03-21,TLT,0.176773,0.304475,1,0.183820,9.523810,-0.145631,0.098165
2018-03-21,SPY,-0.205228,0.304475,1,0.183820,9.523810,-0.809766,0.148428
2018-05-02,TLT,-0.182789,0.114216,0,0.178376,11.210762,0.455139,0.095353
2018-05-02,SPY,-0.642403,0.114216,0,0.178376,11.210762,0.325244,0.165994
2018-06-13,TLT,-0.078772,0.694072,1,0.271106,11.904762,-0.216595,0.101304
2018-06-13,SPY,-0.354334,0.694072,1,0.271106,11.904762,0.689578,0.142954
2018-08-01,TLT,-1.391969,0.097884,0,0.188063,15.625000,0.012794,0.092912
2018-08-01,SPY,-0.219179,0.097884,0,0.188063,15.625000,-0.058317,0.121014
2018-09-26,TLT,1.325458,0.835030,1,0.085871,16.233766,-0.452961,0.084170
2018-09-26,SPY,-0.486234,0.835030,1,0.085871,16.233766,0.288830,0.097687
2018-11-08,TLT,-0.015670,-1.453599,0,0.173936,20.689655,-0.545216,0.090211
2018-11-08,SPY,-0.187236,-1.453599,0,0.173936,20.689655,1.769758,0.153858
2018-12-19,TLT,2.420025,0.935550,1,0.145184,13.201320,0.691697,0.086657
2018-12-19,SPY,-1.340737,0.935550,1,0.145184,13.201320,-1.371832,0.177315
2019-01-30,TLT,-0.132993,-0.572762,0,0.376713,18.181818,0.431743,0.088789
2019-01-30,SPY,1.237319,-0.572762,0,0.376713,18.181818,0.073135,0.203108
2019-03-20,TLT,1.903705,-0.714058,0,0.246741,15.290520,-0.433393,0.087230
2019-03-20,SPY,-0.290624,-0.714058,0,0.246741,15.290520,0.641875,0.164383
2019-05-01,TLT,0.725016,0.149353,0,0.200135,11.661808,0.692548,0.090327
2019-05-01,SPY,-0.855284,0.149353,0,0.200135,11.661808,0.198052,0.139514
2019-06-19,TLT,0.247959,0.848399,0,0.412131,12.539185,1.047158,0.091895
2019-06-19,SPY,0.254708,0.848399,0,0.412131,12.539185,0.611620,0.140626
2019-07-31,TLT,1.381724,-0.454088,-1,0.270509,17.064846,0.357279,0.092377
2019-07-31,SPY,-1.447389,-0.454088,-1,0.270509,17.064846,0.136057,0.119989
2019-09-18,TLT,0.474036,0.247256,-1,0.163754,14.792899,-0.589466,0.142105
2019-09-18,SPY,0.062994,0.247256,-1,0.163754,14.792899,0.440843,0.150702
2019-10-30,TLT,1.758318,-0.448724,-1,0.150028,16.181230,-0.767373,0.132120
2019-10-30,SPY,0.354442,-0.448724,-1,0.150028,16.181230,0.725976,0.137358
2019-12-11,TLT,0.924279,0.832957,0,0.199500,13.937282,-0.949482,0.135025
2019-12-11,SPY,0.388314,0.832957,0,0.199500,13.937282,0.786509,0.116056
2020-01-29,TLT,1.182817,-0.733530,0,0.063782,18.382353,1.431065,0.131248
2020-01-29,SPY,-0.121505,-0.733530,0,0.063782,18.382353,-0.875872,0.107891
2020-03-03,TLT,1.800485,-2.826229,-1,0.901190,14.652015,1.352183,0.136885
2020-03-03,SPY,-2.394365,-2.826229,-1,0.901190,14.652015,-1.546173,0.189831
2020-03-23,TLT,1.856569,-1.801403,0,0.770883,5.825243,0.718519,0.352363
2020-03-23,SPY,-0.850188,-1.801403,0,0.770883,5.825243,-2.163038,0.477405
2020-04-29,TLT,-0.265231,0.647707,0,0.744216,-3.478261,-0.226867,0.310560
2020-04-29,SPY,0.860705,0.647707,0,0.744216,-3.478261,0.683383,0.482821
2020-06-10,TLT,0.904920,-0.018761,0,0.114435,0.000000,-0.540175,0.260107
2020-06-10,SPY,-0.221287,-0.018761,0,0.114435,0.000000,0.731694,0.400283
2020-07-29,TLT,-0.128953,-0.018761,0,0.108270,0.000000,0.605118,0.209689
2020-07-29,SPY,0.591103,-0.018761,0,0.108270,0.000000,-0.253952,0.330299
2020-09-16,TLT,-0.269184,-0.935554,0,0.430347,0.000000,0.081231,0.176136
2020-09-16,SPY,-0.228645,-0.935554,0,0.430347,0.000000,0.538142,0.275559
2020-11-05,TLT,0.179888,-0.948809,0,0.044736,-4.784689,0.159304,0.153374
2020-11-05,SPY,1.250817,-0.948809,0,0.044736,-4.784689,1.482133,0.247516
2020-12-16,TLT,-0.288687,0.086173,0,0.075601,-9.638554,0.141816,0.146368
2020-12-16,SPY,0.118044,0.086173,0,0.075601,-9.638554,-0.052708,0.211065
2021-01-27,TLT,0.304496,-0.444385,0,0.103578,-9.090909,0.376251,0.132560
2021-01-27,SPY,-2.173542,-0.444385,0,0.103578,-9.090909,0.539885,0.178503
2021-03-17,TLT,-0.794595,0.833371,0,0.098974,-11.312217,-1.165603,0.149496
2021-03-17,SPY,0.305093,0.833371,0,0.098974,-11.312217,0.903298,0.177417
2021-04-28,TLT,0.074711,0.411604,0,0.117619,-6.864989,-0.317491,0.137848
2021-04-28,SPY,-0.029179,0.411604,0,0.117619,-6.864989,0.589498,0.156317
2021-06-16,TLT,-0.113292,-0.022868,0,0.109631,-4.618938,0.254295,0.119268
2021-06-16,SPY,-0.647779,-0.022868,0,0.109631,-4.618938,0.270322,0.136820
2021-07-28,TLT,0.007789,0.439795,0,0.152160,-4.640371,-0.125321,0.135951
2021-07-28,SPY,-0.050510,0.439795,0,0.152160,-4.640371,1.016636,0.128789
2021-09-22,TLT,0.759890,-0.002022,0,0.120463,-2.247191,-0.082959,0.124603
2021-09-22,SPY,1.372826,-0.002022,0,0.120463,-2.247191,-1.296635,0.112799
2021-11-03,TLT,-1.233198,0.059514,0,0.330303,-2.159827,0.800904,0.133025
2021-11-03,SPY,0.824965,0.059514,0,0.330303,-2.159827,0.787250,0.117481
2021-12-15,TLT,-0.987412,0.316807,-1,0.281259,-1.751313,-0.091168,0.154693
2021-12-15,SPY,1.860368,0.316807,-1,0.281259,-1.751313,-0.559431,0.133328
2022-01-26,TLT,-1.275641,0.478926,-1,0.227740,0.000000,0.713764,0.150503
2022-01-26,SPY,-0.271656,0.478926,-1,0.227740,0.000000,-2.336233,0.146584
2022-03-16,TLT,0.888383,2.280773,1,0.676765,2.597403,-1.834734,0.175257
2022-03-16,SPY,1.811332,2.280773,1,0.676765,2.597403,0.870608,0.194334
2022-05-04,TLT,0.483226,0.168592,1,0.286921,14.598540,-1.358267,0.181006
2022-05-04,SPY,2.262355,0.168592,1,0.286921,14.598540,0.022353,0.213683
2022-06-15,TLT,1.513404,-0.332818,1,0.224659,15.576324,-1.988471,0.195692
2022-06-15,SPY,0.877904,-0.332818,1,0.224659,15.576324,-2.773548,0.257786
2022-07-27,TLT,-0.460728,-0.544395,1,0.217423,13.937282,1.017042,0.193576
2022-07-27,SPY,1.691350,-0.544395,1,0.217423,13.937282,-0.102477,0.243713
2022-09-21,TLT,1.418692,0.685569,1,0.054421,11.194030,-0.499464,0.187454
2022-09-21,SPY,-1.180613,0.685569,1,0.054421,11.194030,-0.572260,0.234550
2022-11-02,TLT,-0.334207,0.035201,1,0.141867,14.869888,0.694700,0.206148
2022-11-02,SPY,-1.619467,0.035201,1,0.141867,14.869888,-0.029992,0.246002
2022-12-14,TLT,0.307724,-0.018761,1,0.025339,15.151515,0.225964,0.220326
2022-12-14,SPY,-0.415094,-0.018761,1,0.025339,15.151515,0.600121,0.244508
2023-02-01,TLT,0.910707,0.393108,1,0.228152,15.151515,-0.015802,0.209548
2023-02-01,SPY,0.772539,0.393108,1,0.228152,15.151515,0.510128,0.218383
2023-03-22,TLT,1.033363,0.225505,1,0.306564,17.301038,0.303024,0.204826
2023-03-22,SPY,-1.357360,0.225505,1,0.306564,17.301038,0.791096,0.199360
2023-05-03,TLT,0.440532,0.399981,1,0.218518,18.575851,-0.327749,0.201141
2023-05-03,SPY,-0.619640,0.399981,1,0.218518,18.575851,0.473237,0.175845
2023-06-14,TLT,0.725962,-0.792642,0,0.140865,20.761246,-0.471431,0.175006
2023-06-14,SPY,0.120748,-0.792642,0,0.140865,20.761246,0.914289,0.156556
2023-07-26,TLT,0.098453,0.727778,1,0.084858,16.722408,-0.275593,0.159424
2023-07-26,SPY,0.018021,0.727778,1,0.084858,16.722408,0.144334,0.135369
2023-09-20,TLT,0.315103,-0.045729,0,0.058840,20.618557,-0.684319,0.157437
2023-09-20,SPY,-1.185939,-0.045729,0,0.058840,20.618557,-0.222284,0.123057
2023-11-01,TLT,1.795583,-0.097499,0,0.102884,20.477816,-0.768051,0.191691
2023-11-01,SPY,1.304156,-0.097499,0,0.102884,20.477816,-0.700985,0.129813
2023-12-13,TLT,1.900195,-0.155197,0,0.067238,20.066890,0.003836,0.196005
2023-12-13,SPY,1.787632,-0.155197,0,0.067238,20.066890,0.952258,0.122458
2024-01-31,TLT,0.869903,-1.724447,0,0.496204,19.354839,0.767823,0.179207
2024-01-31,SPY,-2.284679,-1.724447,0,0.496204,19.354839,0.778741,0.113377
2024-03-20,TLT,-0.031401,0.024005,0,0.034971,10.452962,-0.898942,0.163143
2024-03-20,SPY,1.257529,0.024005,0,0.034971,10.452962,0.062638,0.116758
2024-05-01,TLT,0.763028,-0.996953,0,0.292984,10.676157,-0.421188,0.153350
2024-05-01,SPY,-0.429527,-0.996953,0,0.292984,10.676157,-0.429357,0.120008
2024-06-12,TLT,0.804985,0.862348,0,0.222763,5.571031,-0.434277,0.148178
2024-06-12,SPY,1.185486,0.862348,0,0.222763,5.571031,1.045727,0.109980
2024-07-31,TLT,1.127127,-0.694180,0,0.180129,10.169492,0.708379,0.144068
2024-07-31,SPY,2.269296,-0.694180,0,0.180129,10.169492,-1.328117,0.113707
2024-09-18,TLT,-1.371716,0.052714,-1,0.263899,6.644518,0.073721,0.143451
2024-09-18,SPY,-0.330122,0.052714,-1,0.263899,6.644518,1.295242,0.142623
2024-11-07,TLT,1.364246,0.050703,-1,0.149304,7.017544,-0.947392,0.145774
2024-11-07,SPY,0.892664,0.050703,-1,0.149304,7.017544,0.981870,0.137501
2024-12-18,TLT,-1.382114,-0.044379,-1,0.025496,7.380074,-1.295784,0.143620
2024-12-18,SPY,-4.021893,-0.044379,-1,0.025496,7.380074,0.149171,0.117634
2025-01-29,TLT,-0.238807,1.551985,0,0.187392,7.246377,0.130862,0.135682
2025-01-29,SPY,-0.524527,1.551985,0,0.187392,7.246377,0.127556,0.135672
2025-03-19,TLT,0.612533,-1.002627,0,0.277479,15.444015,0.181286,0.134287
2025-03-19,SPY,1.112714,-1.002627,0,0.277479,15.444015,0.419178,0.155374
2025-05-07,TLT,0.444340,0.887230,0,0.304938,10.309278,-1.223625,0.151023
2025-05-07,SPY,0.225270,0.887230,0,0.304938,10.309278,0.193616,0.296343
2025-06-18,TLT,0.189081,0.190369,0,0.157617,15.037594,0.351982,0.145608
2025-06-18,SPY,-0.009638,0.190369,0,0.157617,15.037594,-0.263270,0.248161
2025-07-30,TLT,-0.613536,-0.791381,0,0.145116,16.129032,0.492312,0.133335
2025-07-30,SPY,-0.099714,-0.791381,0,0.145116,16.129032,0.360393,0.200478
2025-09-17,TLT,-0.329839,-2.336620,-1,0.295769,12.096774,0.727342,0.122514
2025-09-17,SPY,-0.120618,-2.336620,-1,0.295769,12.096774,0.645562,0.163519
2025-10-29,TLT,-1.484325,-0.018761,-1,0.274770,0.000000,0.014277,0.108086
2025-10-29,SPY,0.051332,-0.018761,-1,0.274770,0.000000,1.122592,0.148565
2025-12-10,TLT,0.619528,-1.309062,-1,0.256672,0.000000,-0.678035,0.099033
2025-12-10,SPY,0.753608,-1.309062,-1,0.256672,0.000000,0.112592,0.139703
2026-01-28,TLT,-0.389994,3.860860,0,0.423419,-6.734007,1.016191,0.092718
2026-01-28,SPY,-0.012664,3.860860,0,0.423419,-6.734007,1.487342,0.126165
2026-03-18,TLT,-0.938753,-0.182642,0,0.181832,13.513514,-0.704463,0.094750
2026-03-18,SPY,-1.765246,-0.182642,0,0.181832,13.513514,-0.533861,0.125482
2026-04-29,TLT,-1.293219,-0.088344,0,0.240883,12.658228,-0.172227,0.095226
2026-04-29,SPY,-0.016993,-0.088344,0,0.240883,12.658228,0.531470,0.144376
2026-06-17,TLT,0.274959,0.550721,0,0.875286,12.295082,0.951553,0.093785
2026-06-17,SPY,-1.368899,0.550721,0,0.875286,12.295082,0.883284,0.144817
2026-07-29,TLT,-2.929066,-0.040923,0,0.056320,15.267176,0.550367,0.089427
2026-07-29,SPY,-1.827028,-0.040923,0,0.056320,15.267176,-0.526546,0.133697
2026-09-16,TLT,0.355435,2.928739,1,0.441184,15.151515,-1.367956,0.094071
2026-09-16,SPY,-0.564900,2.928739,1,0.441184,15.151515,-0.640964,0.123924
