,PC1,PC2,PC3,effective_rank,n_for_90pct
2008-04-10,0.489132,0.160469,0.139146,5.467425,6
2008-05-09,0.486735,0.163928,0.140444,5.467340,6
2008-06-10,0.486771,0.170115,0.136075,5.442070,6
2008-07-10,0.487661,0.168712,0.131707,5.480009,6
2008-08-08,0.484966,0.172281,0.129575,5.506028,6
2008-09-09,0.482240,0.174500,0.130014,5.521327,6
2008-10-08,0.480154,0.168788,0.136386,5.435641,6
2008-11-06,0.459066,0.185084,0.130773,5.624028,6
2008-12-08,0.477868,0.168764,0.126428,5.511317,6
2009-01-08,0.466675,0.166024,0.127364,5.720541,6
2009-02-09,0.467970,0.162608,0.130279,5.697766,6
2009-03-11,0.470976,0.160658,0.125893,5.708128,6
2009-04-09,0.466046,0.163668,0.121579,5.783393,6
2009-05-11,0.467337,0.164120,0.118985,5.783632,6
2009-06-10,0.467828,0.162062,0.120842,5.780377,6
2009-07-10,0.471456,0.160857,0.121369,5.727957,6
2009-08-10,0.474778,0.159165,0.121898,5.683881,6
2009-09-09,0.477968,0.160290,0.118505,5.649896,6
2009-10-08,0.470526,0.192561,0.103358,5.613360,6
2009-11-06,0.480406,0.196764,0.113667,5.440177,6
2009-12-08,0.445669,0.223905,0.123172,5.627612,6
2010-01-08,0.462432,0.231357,0.124042,5.294030,6
2010-02-09,0.473189,0.233064,0.116625,5.183681,6
2010-03-11,0.476159,0.243125,0.107245,5.094037,6
2010-04-12,0.490661,0.233747,0.097173,5.064050,6
2010-05-11,0.508249,0.217742,0.096033,4.959785,6
2010-06-10,0.542575,0.194922,0.092931,4.705218,6
2010-07-12,0.544700,0.188484,0.095344,4.717571,6
2010-08-10,0.550047,0.183335,0.093167,4.699150,6
2010-09-09,0.552381,0.187181,0.092967,4.620882,6
2010-10-08,0.553888,0.186342,0.092596,4.614774,6
2010-11-08,0.541160,0.198692,0.091642,4.699731,6
2010-12-08,0.536716,0.212381,0.087731,4.650156,6
2011-01-07,0.531593,0.218910,0.090411,4.628631,5
2011-02-08,0.515731,0.223519,0.099776,4.750473,5
2011-03-10,0.515279,0.221337,0.103255,4.761317,6
2011-04-08,0.520793,0.210835,0.105153,4.777049,6
2011-05-10,0.509708,0.217907,0.108707,4.861985,6
2011-06-09,0.483864,0.232227,0.108330,5.104015,6
2011-07-11,0.492065,0.226819,0.105033,5.064847,6
2011-08-09,0.484216,0.238064,0.127058,4.846764,5
2011-09-08,0.496734,0.221038,0.129810,4.804939,5
2011-10-07,0.510948,0.212525,0.126892,4.707218,5
2011-11-07,0.533570,0.193929,0.124482,4.580303,5
2011-12-07,0.540528,0.185463,0.125667,4.538966,5
2012-01-09,0.552985,0.173629,0.121565,4.495960,5
2012-02-08,0.554427,0.173679,0.116080,4.516575,5
2012-03-09,0.557428,0.170515,0.115637,4.506429,5
2012-04-10,0.555351,0.181253,0.112906,4.457131,5
2012-05-09,0.560836,0.182186,0.107419,4.405515,5
2012-06-08,0.562876,0.180909,0.108325,4.375381,5
2012-07-10,0.561715,0.182812,0.108515,4.365460,5
2012-08-08,0.575682,0.176657,0.087761,4.374097,5
2012-09-07,0.577569,0.177878,0.084179,4.386845,5
2012-10-08,0.574517,0.180310,0.085193,4.406109,5
2012-11-08,0.547954,0.194118,0.091493,4.637234,6
2012-12-10,0.533669,0.193000,0.095129,4.864608,6
2013-01-10,0.515487,0.203240,0.099631,5.007089,6
2013-02-11,0.517245,0.202966,0.102469,4.962339,6
2013-03-13,0.517975,0.204583,0.103492,4.924512,6
2013-04-12,0.521737,0.178414,0.114536,5.057438,6
2013-05-13,0.524263,0.185122,0.109333,4.985055,6
2013-06-12,0.497330,0.214410,0.106860,5.100206,6
2013-07-12,0.424962,0.288119,0.113567,5.244924,6
2013-08-12,0.408162,0.297708,0.116033,5.363896,6
2013-09-11,0.394779,0.299692,0.126814,5.450072,6
2013-10-10,0.396355,0.299562,0.128607,5.404995,6
2013-11-08,0.404006,0.292402,0.127079,5.405209,6
2013-12-10,0.404911,0.287436,0.126900,5.456115,6
2014-01-10,0.412999,0.277903,0.125717,5.466230,6
2014-02-11,0.404798,0.291557,0.126973,5.381302,6
2014-03-13,0.404692,0.290636,0.126893,5.399832,6
2014-04-11,0.403439,0.289618,0.124421,5.436691,6
2014-05-13,0.397991,0.285077,0.120973,5.603007,6
2014-06-12,0.395115,0.283642,0.121349,5.674346,6
2014-07-14,0.332055,0.320497,0.126898,6.085507,7
2014-08-12,0.339282,0.326004,0.122435,5.917686,6
2014-09-11,0.344257,0.320371,0.109205,6.039774,7
2014-10-10,0.364552,0.287252,0.113573,6.168963,7
2014-11-10,0.379959,0.262276,0.112484,6.291044,7
2014-12-10,0.388761,0.242322,0.129266,6.293734,7
2015-01-12,0.413606,0.216149,0.131411,6.207750,7
2015-02-11,0.416428,0.213496,0.127831,6.216996,7
2015-03-13,0.398726,0.236697,0.124591,6.218922,7
2015-04-14,0.374798,0.268275,0.123846,6.200634,7
2015-05-13,0.363715,0.282255,0.127020,6.133059,7
2015-06-12,0.359140,0.289864,0.127517,6.075154,7
2015-07-14,0.382910,0.270781,0.126742,5.962937,6
2015-08-12,0.384683,0.263742,0.128994,6.012562,7
2015-09-11,0.408600,0.260065,0.125158,5.712608,6
2015-10-12,0.417953,0.259391,0.121325,5.604844,6
2015-11-10,0.417593,0.262780,0.120316,5.563530,6
2015-12-10,0.411263,0.273993,0.113185,5.570091,6
2016-01-12,0.416021,0.271497,0.113417,5.516871,6
2016-02-11,0.418095,0.272306,0.116647,5.450633,6
2016-03-14,0.441569,0.248662,0.120002,5.379195,6
2016-04-13,0.457366,0.232153,0.121395,5.324872,6
2016-05-12,0.466301,0.222376,0.122223,5.310216,6
2016-06-13,0.476660,0.221010,0.117435,5.211956,6
2016-07-13,0.483532,0.226855,0.109161,5.107166,6
2016-08-11,0.479782,0.236445,0.102326,5.094458,6
2016-09-12,0.458086,0.254330,0.106733,5.180818,6
2016-10-11,0.443542,0.269685,0.104305,5.233211,6
2016-11-09,0.441269,0.269623,0.108194,5.233441,6
2016-12-09,0.439901,0.272234,0.103070,5.270256,6
2017-01-11,0.418774,0.293094,0.101619,5.338913,6
2017-02-10,0.399839,0.305939,0.102046,5.440590,6
2017-03-14,0.374467,0.330844,0.099524,5.469786,6
2017-04-12,0.374185,0.335464,0.094105,5.438504,6
2017-05-12,0.379845,0.338502,0.082768,5.369756,6
2017-06-13,0.376099,0.332490,0.083335,5.503812,6
2017-07-13,0.387025,0.290220,0.090576,5.885012,6
2017-08-11,0.387107,0.293081,0.092067,5.853674,6
2017-09-12,0.369726,0.306220,0.089181,5.948412,7
2017-10-11,0.369744,0.287484,0.091666,6.218498,7
2017-11-09,0.371494,0.282147,0.087800,6.327205,7
2017-12-11,0.369636,0.290026,0.085600,6.260319,7
2018-01-11,0.372262,0.282409,0.089804,6.292732,7
2018-02-12,0.356458,0.317776,0.095921,5.991585,7
2018-03-14,0.352355,0.318576,0.102051,6.010694,7
2018-04-13,0.377429,0.291888,0.112092,5.908578,6
2018-05-14,0.366617,0.300141,0.115825,5.930224,6
2018-06-13,0.373639,0.293352,0.118660,5.887313,6
2018-07-13,0.384049,0.285539,0.120589,5.828324,6
2018-08-13,0.379530,0.282648,0.123637,5.914249,6
2018-09-12,0.377214,0.282002,0.126333,5.955034,6
2018-10-11,0.379759,0.283750,0.127697,5.852711,6
2018-11-09,0.393991,0.275225,0.128044,5.724137,6
2018-12-12,0.400941,0.270111,0.129275,5.656125,6
2019-01-14,0.426692,0.252430,0.127746,5.502220,6
2019-02-13,0.424681,0.249315,0.126568,5.578078,6
2019-03-15,0.421906,0.254663,0.122495,5.580277,6
2019-04-15,0.418164,0.259700,0.120223,5.598992,6
2019-05-15,0.426890,0.255473,0.117387,5.532058,6
2019-06-14,0.425614,0.258390,0.110523,5.570212,6
2019-07-16,0.409641,0.280378,0.101648,5.610747,6
2019-08-14,0.434770,0.274948,0.091098,5.350339,6
2019-09-13,0.450199,0.274315,0.080107,5.166790,5
2019-10-14,0.459054,0.270004,0.078521,5.084354,5
2019-11-12,0.465502,0.271053,0.075107,5.007617,5
2019-12-12,0.472579,0.268536,0.072490,4.941245,5
2020-01-14,0.455923,0.268664,0.074956,5.172470,6
2020-02-13,0.479873,0.246571,0.075785,5.074257,6
2020-03-16,0.533586,0.252879,0.091734,4.107766,4
2020-04-15,0.500358,0.255372,0.076931,4.651104,5
2020-05-14,0.497704,0.252824,0.077231,4.735856,5
2020-06-15,0.501734,0.248399,0.078549,4.735567,5
2020-07-15,0.504991,0.244139,0.079769,4.738851,5
2020-08-13,0.500291,0.237761,0.089240,4.846124,6
2020-09-14,0.501484,0.231201,0.091726,4.896673,6
2020-10-13,0.504134,0.226598,0.092067,4.909410,6
2020-11-11,0.501085,0.224289,0.094036,4.971354,6
2020-12-11,0.502051,0.220822,0.095259,4.986189,6
2021-01-13,0.500263,0.219613,0.096500,5.023748,6
2021-02-12,0.498835,0.218335,0.096724,5.060870,6
2021-03-16,0.423420,0.247241,0.096556,5.912883,7
2021-04-15,0.400550,0.258068,0.103645,6.057651,7
2021-05-14,0.396444,0.266464,0.104952,6.018728,7
2021-06-15,0.384522,0.265953,0.100262,6.263419,7
2021-07-15,0.381534,0.264751,0.100918,6.300728,7
2021-08-13,0.380764,0.276811,0.097866,6.153733,7
2021-09-14,0.376806,0.278537,0.098027,6.183693,7
2021-10-13,0.370471,0.278185,0.105216,6.234067,7
2021-11-11,0.365443,0.273955,0.104852,6.383991,7
2021-12-13,0.360678,0.292078,0.102156,6.229938,7
2022-01-12,0.376206,0.290384,0.097100,6.041666,7
2022-02-11,0.377669,0.288807,0.105168,5.941701,6
2022-03-15,0.347428,0.306040,0.130213,5.940355,6
2022-04-13,0.353110,0.297476,0.135361,5.906101,6
2022-05-13,0.367994,0.295387,0.136297,5.679483,6
2022-06-14,0.391468,0.289299,0.132681,5.435351,6
2022-07-15,0.395061,0.293548,0.133732,5.321928,5
2022-08-15,0.411396,0.285466,0.128717,5.236060,5
2022-09-14,0.429311,0.275826,0.125041,5.118753,5
2022-10-13,0.459212,0.260148,0.119487,4.922449,5
2022-11-11,0.491922,0.238545,0.116441,4.699221,5
2022-12-13,0.510722,0.224523,0.113748,4.597213,5
2023-01-13,0.516817,0.217419,0.115374,4.562225,5
2023-02-14,0.520782,0.215110,0.115531,4.520870,5
2023-03-16,0.528671,0.216278,0.103957,4.474871,5
2023-04-17,0.520356,0.228559,0.101994,4.484803,5
2023-05-16,0.513467,0.236730,0.100394,4.508653,5
2023-06-15,0.501132,0.242104,0.101241,4.634024,5
2023-07-18,0.516735,0.228517,0.093949,4.607535,5
2023-08-16,0.519299,0.224668,0.093439,4.610633,5
2023-09-15,0.511419,0.228518,0.094431,4.687557,5
2023-10-16,0.484398,0.239409,0.100701,4.908000,5
2023-11-14,0.453602,0.252136,0.106999,5.189869,6
2023-12-14,0.446116,0.253035,0.108604,5.257955,6
2024-01-17,0.435075,0.262326,0.105564,5.327161,6
2024-02-15,0.443425,0.254575,0.100763,5.320153,6
2024-03-18,0.458148,0.235496,0.100060,5.332478,6
2024-04-17,0.485571,0.210035,0.106022,5.139712,6
2024-05-16,0.514847,0.178167,0.107680,5.006099,6
2024-06-17,0.523475,0.168995,0.115994,4.928331,6
2024-07-18,0.520987,0.167142,0.117381,4.960594,6
2024-08-16,0.497724,0.199322,0.115974,5.004664,5
2024-09-17,0.491712,0.211959,0.115209,4.973458,5
2024-10-16,0.474645,0.222375,0.114309,5.120678,5
2024-11-14,0.457164,0.228258,0.112063,5.351774,6
2024-12-16,0.442646,0.234323,0.118306,5.477195,6
2025-01-17,0.455593,0.226224,0.118801,5.375687,6
2025-02-19,0.443946,0.234243,0.118031,5.463706,6
2025-03-20,0.425813,0.253502,0.120986,5.480738,6
2025-04-21,0.447303,0.270322,0.109476,5.046848,6
2025-05-20,0.428961,0.279682,0.115198,5.158209,6
2025-06-20,0.424691,0.279406,0.117184,5.198854,6
2025-07-22,0.422328,0.280567,0.117782,5.210703,6
2025-08-20,0.422324,0.273138,0.119951,5.282574,6
2025-09-19,0.424902,0.264458,0.122968,5.321298,6
2025-10-20,0.428715,0.268299,0.117934,5.254883,6
2025-11-18,0.427495,0.278597,0.115323,5.157830,5
2025-12-18,0.430820,0.275096,0.113250,5.164150,6
2026-01-21,0.416937,0.283212,0.117423,5.250755,6
2026-02-20,0.409943,0.288088,0.130044,5.194391,5
2026-03-23,0.430802,0.263510,0.128773,5.168954,5
2026-04-22,0.438592,0.230539,0.133154,5.414241,6
2026-05-21,0.479880,0.205927,0.121821,5.163200,5
2026-06-23,0.491955,0.198221,0.111671,5.120943,5
2026-07-23,0.484978,0.204504,0.109067,5.162235,5
2026-08-21,0.501585,0.193474,0.104685,5.058433,5
