strategy,rank,window_end,cumulative_return
M0_equal_weight,0,2008-10-27,-0.244036
M0_equal_weight,1,2020-03-18,-0.220075
M0_equal_weight,2,2008-10-06,-0.101220
M0_equal_weight,3,2009-03-09,-0.101021
M0_equal_weight,4,2022-09-26,-0.100795
M1_inverse_vol,0,2020-03-19,-0.136348
M1_inverse_vol,1,2008-10-27,-0.121727
M1_inverse_vol,2,2022-09-26,-0.075879
M1_inverse_vol,3,2008-09-29,-0.060536
M1_inverse_vol,4,2009-03-09,-0.058131
M2_risk_parity,0,2020-03-18,-0.139031
M2_risk_parity,1,2008-10-27,-0.127439
M2_risk_parity,2,2022-09-26,-0.075761
M2_risk_parity,3,2008-10-06,-0.059905
M2_risk_parity,4,2009-03-09,-0.058103
M5_momentum_plus_mr,0,2020-03-23,-0.117966
M5_momentum_plus_mr,1,2008-10-09,-0.099858
M5_momentum_plus_mr,2,2010-05-26,-0.070056
M5_momentum_plus_mr,3,2022-07-15,-0.060510
M5_momentum_plus_mr,4,2022-12-07,-0.059691
M9_mean_cvar,0,2008-10-10,-0.123732
M9_mean_cvar,1,2020-03-18,-0.067167
M9_mean_cvar,2,2008-11-03,-0.054823
M9_mean_cvar,3,2022-09-26,-0.054631
M9_mean_cvar,4,2009-01-30,-0.035539
SPY_buy_hold,0,2020-03-23,-0.367216
SPY_buy_hold,1,2008-10-27,-0.332376
SPY_buy_hold,2,2009-03-09,-0.209793
SPY_buy_hold,3,2011-08-08,-0.175552
SPY_buy_hold,4,2008-11-20,-0.160778
