,count,mean,std,min,25%,50%,75%,max
T10Y2Y,5211.000000,0.055076,0.300094,0.000000,0.000000,0.000000,0.000000,3.000000
T10Y3M,5211.000000,0.055076,0.300094,0.000000,0.000000,0.000000,0.000000,3.000000
DFF,5211.000000,0.000000,0.000000,0.000000,0.000000,0.000000,0.000000,0.000000
T10YIE,5211.000000,0.055076,0.300094,0.000000,0.000000,0.000000,0.000000,3.000000
CPIAUCNS,5211.000000,14.963539,9.051093,0.000000,7.000000,15.000000,23.000000,60.000000
UNRATE,5211.000000,14.799079,9.079333,0.000000,7.000000,15.000000,22.000000,60.000000
GACDFSA066MSFRBPHI,5211.000000,14.797352,8.767853,0.000000,7.000000,15.000000,22.000000,30.000000
VIX,5211.000000,0.000000,0.000000,0.000000,0.000000,0.000000,0.000000,0.000000
MOVE,5211.000000,0.035886,0.319636,0.000000,0.000000,0.000000,0.000000,7.000000
