feature,horizon,mean_ic,std_ic,ic_ir,t_stat_overlap_adjusted,p_value,hit_rate,ts_ic_mean,ts_ic_share_positive,n_obs,n_independent,median_ic,t_stat_naive,ic_skew,breadth_per_year,implied_information_ratio,n_assets_evaluated
ranked_126,1,0.025333,0.456453,0.055499,3.956781,0.000076,0.522526,0.007035,0.600000,5083,5083.000000,0.035714,3.956781,-0.080989,3780.000000,1.557487,15
ranked_126,5,0.029530,0.458205,0.064447,2.054036,0.039972,0.527269,0.007836,0.666667,5079,1015.800000,0.035714,4.592965,-0.084730,756.000000,0.811942,15
ranked_126,10,0.025086,0.451859,0.055518,1.250580,0.211088,0.527395,0.008780,0.733333,5074,507.400000,0.035714,3.954682,-0.088075,378.000000,0.487736,15
ranked_126,21,0.036188,0.443504,0.081595,1.266940,0.205177,0.542761,0.007006,0.733333,5063,241.095238,0.057143,5.805850,-0.147080,180.000000,0.485508,15
ranked_126,42,0.045744,0.448757,0.101934,1.116853,0.264057,0.540658,0.009499,0.733333,5042,120.047619,0.057143,7.238032,-0.112229,90.000000,0.433962,15
ranked_126,63,0.051390,0.433944,0.118425,1.057229,0.290407,0.555467,0.004483,0.666667,5021,79.698413,0.064286,8.391493,-0.117536,60.000000,0.398064,15
ranked_21,1,0.002486,0.455100,0.005463,0.393520,0.693935,0.506361,-0.003922,0.333333,5188,5188.000000,0.012637,0.393520,-0.072081,3780.000000,0.152869,15
ranked_21,5,-0.001284,0.448482,-0.002863,-0.092192,0.926546,0.509838,-0.009837,0.466667,5184,1036.800000,0.014835,-0.206147,-0.078301,756.000000,-0.035306,15
ranked_21,10,0.002529,0.439674,0.005751,0.130885,0.895866,0.511682,-0.005885,0.466667,5179,517.900000,0.014286,0.413896,-0.100739,378.000000,0.049164,15
ranked_21,21,0.010749,0.448925,0.023943,0.375603,0.707212,0.515480,-0.004001,0.533333,5168,246.095238,0.025000,1.721227,-0.080881,180.000000,0.144207,15
ranked_21,42,0.012764,0.460318,0.027728,0.306954,0.758878,0.511560,-0.000854,0.466667,5147,122.547619,0.017857,1.989289,-0.037544,90.000000,0.121088,15
ranked_21,63,0.030162,0.449294,0.067133,0.605553,0.544812,0.526336,0.006469,0.600000,5126,81.365079,0.035714,4.806426,-0.093575,60.000000,0.233636,15
ranked_252,1,0.036416,0.458420,0.079437,5.592834,0.000000,0.525923,0.010106,0.666667,4957,4957.000000,0.042857,5.592834,-0.099279,3780.000000,2.238888,15
ranked_252,5,0.051003,0.456671,0.111685,3.515153,0.000440,0.546941,0.016507,0.666667,4953,990.600000,0.064286,7.860121,-0.139555,756.000000,1.402361,15
ranked_252,10,0.056527,0.452790,0.124842,2.777000,0.005486,0.558407,0.017629,0.600000,4948,494.800000,0.078571,8.781647,-0.158436,378.000000,1.099016,15
ranked_252,21,0.060393,0.459396,0.131462,2.015682,0.043833,0.553170,0.009573,0.600000,4937,235.095238,0.075000,9.237017,-0.161519,180.000000,0.810258,15
ranked_252,42,0.059790,0.459819,0.130030,1.406774,0.159494,0.553906,-0.004313,0.533333,4916,117.047619,0.089286,9.116938,-0.163621,90.000000,0.567220,15
ranked_252,63,0.061990,0.455817,0.135997,1.198768,0.230618,0.561389,-0.014458,0.533333,4895,77.698413,0.067857,9.514922,-0.204830,60.000000,0.480170,15
ranked_63,1,0.018738,0.452723,0.041390,2.969160,0.002986,0.518461,0.002591,0.600000,5146,5146.000000,0.028571,2.969160,-0.067462,3780.000000,1.152066,15
ranked_63,5,0.022209,0.452007,0.049134,1.575678,0.115100,0.522365,0.004257,0.533333,5142,1028.400000,0.032143,3.523322,-0.038304,756.000000,0.610650,15
ranked_63,10,0.018870,0.445321,0.042374,0.960411,0.336848,0.517228,0.006255,0.600000,5137,513.700000,0.025000,3.037087,-0.035418,378.000000,0.366878,15
ranked_63,21,0.028905,0.455365,0.063477,0.991739,0.321325,0.532384,0.008051,0.666667,5126,244.095238,0.039286,4.544720,-0.114819,180.000000,0.387805,15
ranked_63,42,0.021060,0.450305,0.046767,0.515604,0.606131,0.521058,0.001689,0.666667,5105,121.547619,0.028571,3.341495,-0.104011,90.000000,0.199789,15
ranked_63,63,0.039629,0.456940,0.086727,0.779088,0.435928,0.538356,0.003060,0.666667,5084,80.698413,0.053571,6.183817,-0.111028,60.000000,0.306965,15
raw_126,1,0.025333,0.456453,0.055499,3.956781,0.000076,0.522526,0.010035,0.533333,5083,5083.000000,0.035714,3.956781,-0.080989,3780.000000,1.557487,15
raw_126,5,0.029530,0.458205,0.064447,2.054036,0.039972,0.527269,0.006767,0.533333,5079,1015.800000,0.035714,4.592965,-0.084730,756.000000,0.811942,15
raw_126,10,0.025086,0.451859,0.055518,1.250580,0.211088,0.527395,0.001364,0.466667,5074,507.400000,0.035714,3.954682,-0.088075,378.000000,0.487736,15
raw_126,21,0.036188,0.443504,0.081595,1.266940,0.205177,0.542761,0.006343,0.466667,5063,241.095238,0.057143,5.805850,-0.147080,180.000000,0.485508,15
raw_126,42,0.045744,0.448757,0.101934,1.116853,0.264057,0.540658,0.011557,0.533333,5042,120.047619,0.057143,7.238032,-0.112229,90.000000,0.433962,15
raw_126,63,0.051390,0.433944,0.118425,1.057229,0.290407,0.555467,0.015449,0.466667,5021,79.698413,0.064286,8.391493,-0.117536,60.000000,0.398064,15
raw_21,1,0.002486,0.455100,0.005463,0.393520,0.693935,0.506361,-0.005485,0.266667,5188,5188.000000,0.012637,0.393520,-0.072081,3780.000000,0.152869,15
raw_21,5,-0.001284,0.448482,-0.002863,-0.092192,0.926546,0.509838,-0.012870,0.333333,5184,1036.800000,0.014835,-0.206147,-0.078301,756.000000,-0.035306,15
raw_21,10,0.002529,0.439674,0.005751,0.130885,0.895866,0.511682,-0.006928,0.400000,5179,517.900000,0.014286,0.413896,-0.100739,378.000000,0.049164,15
raw_21,21,0.010749,0.448925,0.023943,0.375603,0.707212,0.515480,-0.007330,0.400000,5168,246.095238,0.025000,1.721227,-0.080881,180.000000,0.144207,15
raw_21,42,0.012764,0.460318,0.027728,0.306954,0.758878,0.511560,0.007956,0.400000,5147,122.547619,0.017857,1.989289,-0.037544,90.000000,0.121088,15
raw_21,63,0.030162,0.449294,0.067133,0.605553,0.544812,0.526336,0.021476,0.533333,5126,81.365079,0.035714,4.806426,-0.093575,60.000000,0.233636,15
raw_252,1,0.036416,0.458420,0.079437,5.592834,0.000000,0.525923,0.013066,0.666667,4957,4957.000000,0.042857,5.592834,-0.099279,3780.000000,2.238888,15
raw_252,5,0.051003,0.456671,0.111685,3.515153,0.000440,0.546941,0.013634,0.533333,4953,990.600000,0.064286,7.860121,-0.139555,756.000000,1.402361,15
raw_252,10,0.056527,0.452790,0.124842,2.777000,0.005486,0.558407,0.012429,0.533333,4948,494.800000,0.078571,8.781647,-0.158436,378.000000,1.099016,15
raw_252,21,0.060393,0.459396,0.131462,2.015682,0.043833,0.553170,0.009543,0.533333,4937,235.095238,0.075000,9.237017,-0.161519,180.000000,0.810258,15
raw_252,42,0.059790,0.459819,0.130030,1.406774,0.159494,0.553906,-0.011571,0.333333,4916,117.047619,0.089286,9.116938,-0.163621,90.000000,0.567220,15
raw_252,63,0.061990,0.455817,0.135997,1.198768,0.230618,0.561389,-0.022716,0.266667,4895,77.698413,0.067857,9.514922,-0.204830,60.000000,0.480170,15
raw_63,1,0.018738,0.452723,0.041390,2.969160,0.002986,0.518461,0.003359,0.533333,5146,5146.000000,0.028571,2.969160,-0.067462,3780.000000,1.152066,15
raw_63,5,0.022209,0.452007,0.049134,1.575678,0.115100,0.522365,-0.001122,0.466667,5142,1028.400000,0.032143,3.523322,-0.038304,756.000000,0.610650,15
raw_63,10,0.018870,0.445321,0.042374,0.960411,0.336848,0.517228,-0.001398,0.400000,5137,513.700000,0.025000,3.037087,-0.035418,378.000000,0.366878,15
raw_63,21,0.028905,0.455365,0.063477,0.991739,0.321325,0.532384,0.009210,0.533333,5126,244.095238,0.039286,4.544720,-0.114819,180.000000,0.387805,15
raw_63,42,0.021060,0.450305,0.046767,0.515604,0.606131,0.521058,0.010775,0.533333,5105,121.547619,0.028571,3.341495,-0.104011,90.000000,0.199789,15
raw_63,63,0.039629,0.456940,0.086727,0.779088,0.435928,0.538356,0.024195,0.533333,5084,80.698413,0.053571,6.183817,-0.111028,60.000000,0.306965,15
vol_scaled_126,1,0.004085,0.422500,0.009668,0.689314,0.490625,0.502066,0.006988,0.533333,5083,5083.000000,0.007143,0.689314,-0.032835,3780.000000,0.251148,15
vol_scaled_126,5,0.003420,0.425899,0.008029,0.255898,0.798030,0.503642,0.001175,0.533333,5079,1015.800000,0.006593,0.572205,-0.047170,756.000000,0.094022,15
vol_scaled_126,10,-0.003945,0.424457,-0.009295,-0.209367,0.834162,0.501774,-0.004743,0.400000,5074,507.400000,0.003571,-0.662077,-0.041471,378.000000,-0.076703,15
vol_scaled_126,21,-0.002888,0.424553,-0.006802,-0.105622,0.915883,0.505629,-0.001412,0.400000,5063,241.095238,0.007143,-0.484019,-0.067214,180.000000,-0.038746,15
vol_scaled_126,42,-0.005053,0.428715,-0.011787,-0.129146,0.897242,0.502777,0.003500,0.466667,5042,120.047619,0.005357,-0.836960,-0.060815,90.000000,-0.047939,15
vol_scaled_126,63,-0.005489,0.423067,-0.012973,-0.115817,0.907797,0.516431,0.002810,0.400000,5021,79.698413,0.021429,-0.919271,-0.105964,60.000000,-0.042514,15
vol_scaled_21,1,-0.007993,0.431240,-0.018534,-1.332895,0.182566,0.500967,-0.010377,0.266667,5172,5172.000000,0.003571,-1.332895,-0.044858,3780.000000,-0.491396,15
vol_scaled_21,5,-0.012719,0.429450,-0.029616,-0.952156,0.341018,0.503483,-0.020834,0.333333,5168,1033.600000,0.007143,-2.129087,-0.047497,756.000000,-0.349708,15
vol_scaled_21,10,-0.013048,0.419005,-0.031141,-0.707595,0.479196,0.496029,-0.018114,0.400000,5163,516.300000,-0.003571,-2.237613,-0.027885,378.000000,-0.253687,15
vol_scaled_21,21,-0.006168,0.424262,-0.014538,-0.227713,0.819869,0.504464,-0.018652,0.400000,5152,245.333333,0.007143,-1.043513,-0.042204,180.000000,-0.082752,15
vol_scaled_21,42,-0.008561,0.448168,-0.019103,-0.211138,0.832780,0.487040,-0.003168,0.400000,5131,122.166667,-0.017857,-1.368331,0.019487,90.000000,-0.081218,15
vol_scaled_21,63,0.000107,0.437296,0.000246,0.002211,0.998236,0.500196,0.005504,0.600000,5110,81.111111,0.003571,0.017553,-0.020592,60.000000,0.000832,15
vol_scaled_252,1,0.008174,0.426920,0.019146,1.348005,0.177657,0.507162,0.008750,0.466667,4957,4957.000000,0.010714,1.348005,-0.036071,3780.000000,0.502544,15
vol_scaled_252,5,0.008068,0.429443,0.018787,0.591301,0.554319,0.506562,0.004893,0.400000,4953,990.600000,0.010714,1.322189,-0.016639,756.000000,0.221833,15
vol_scaled_252,10,0.006988,0.428391,0.016312,0.362840,0.716724,0.507680,0.000783,0.400000,4948,494.800000,0.014286,1.147402,-0.041896,378.000000,0.135859,15
vol_scaled_252,21,0.005069,0.434138,0.011676,0.179034,0.857911,0.504760,-0.004196,0.333333,4937,235.095238,0.007143,0.820435,-0.030588,180.000000,0.068011,15
vol_scaled_252,42,-0.007318,0.437167,-0.016740,-0.181110,0.856281,0.491456,-0.028886,0.266667,4916,117.047619,-0.007143,-1.173727,0.007989,90.000000,-0.069427,15
vol_scaled_252,63,-0.013762,0.437767,-0.031437,-0.277108,0.781697,0.510112,-0.043113,0.266667,4895,77.698413,0.014286,-2.199477,-0.077171,60.000000,-0.106601,15
vol_scaled_63,1,0.004365,0.425085,0.010269,0.736624,0.461351,0.510882,0.001551,0.533333,5146,5146.000000,0.010852,0.736624,-0.040672,3780.000000,0.268370,15
vol_scaled_63,5,0.002901,0.430968,0.006731,0.215847,0.829107,0.504667,-0.005273,0.466667,5142,1028.400000,0.007143,0.482648,-0.032288,756.000000,0.079757,15
vol_scaled_63,10,-0.002260,0.430077,-0.005254,-0.119083,0.905210,0.506521,-0.007812,0.400000,5137,513.700000,0.010714,-0.376573,-0.042156,378.000000,-0.043933,15
vol_scaled_63,21,-0.001903,0.434413,-0.004380,-0.068429,0.945444,0.511120,-0.002620,0.400000,5126,244.095238,0.014286,-0.313582,-0.070901,180.000000,-0.025527,15
vol_scaled_63,42,-0.011342,0.438424,-0.025871,-0.285219,0.775476,0.498923,0.000276,0.466667,5105,121.547619,0.000000,-1.848431,-0.038375,90.000000,-0.107602,15
vol_scaled_63,63,-0.003303,0.436435,-0.007569,-0.067992,0.945792,0.503147,0.007986,0.533333,5084,80.698413,0.007143,-0.539668,-0.046429,60.000000,-0.025587,15
